1,3,7,10,13,16,31,39,41,42,45,195,249,816,
0.7485714285714286,0.7542857142857143,0.8228571428571428,0.8228571428571428,0.8971428571428571,0.8914285714285715,0.8857142857142857,0.8971428571428571,0.9485714285714286,0.9485714285714286,0.9542857142857143,0.9257142857142857,0.9257142857142857,0.92,
1,2,4,14,15,26,44,120,123,188,276,
0.7028571428571428,0.8228571428571428,0.8342857142857143,0.8514285714285714,0.8914285714285715,0.8914285714285715,0.9485714285714286,0.9314285714285714,0.9371428571428572,0.9371428571428572,0.9371428571428572,
1,2,3,5,12,14,20,23,95,159,175,201,202,219,312,345,849,
0.8171428571428572,0.7257142857142858,0.8228571428571428,0.7085714285714285,0.88,0.8228571428571428,0.92,0.8914285714285715,0.9257142857142857,0.9257142857142857,0.92,0.9085714285714286,0.9542857142857143,0.9428571428571428,0.9542857142857143,0.9257142857142857,0.9428571428571428,
1,2,6,17,24,30,32,60,131,143,224,330,
0.24,0.8342857142857143,0.72,0.8914285714285715,0.8914285714285715,0.8457142857142858,0.8857142857142857,0.9028571428571428,0.88,0.9028571428571428,0.9257142857142857,0.9371428571428572,
1,2,4,5,6,11,13,26,40,41,62,89,161,215,314,
0.7714285714285715,0.8742857142857143,0.7714285714285715,0.8514285714285714,0.7942857142857143,0.8514285714285714,0.9142857142857143,0.9028571428571428,0.9085714285714286,0.9142857142857143,0.9371428571428572,0.9257142857142857,0.9257142857142857,0.9257142857142857,0.9371428571428572,
1,2,3,6,8,96,216,332,495,645,861,
0.68,0.8914285714285715,0.8571428571428571,0.8971428571428571,0.8685714285714285,0.9257142857142857,0.9257142857142857,0.9485714285714286,0.96,0.96,0.9257142857142857,
1,2,8,80,143,186,368,465,
0.3028571428571429,0.8971428571428571,0.9428571428571428,0.92,0.9371428571428572,0.9428571428571428,0.9314285714285714,0.92,
1,2,3,5,7,13,17,26,126,170,828,899,1197,1260,1692,
0.68,0.8228571428571428,0.7714285714285715,0.8857142857142857,0.9314285714285714,0.9085714285714286,0.9428571428571428,0.9314285714285714,0.9542857142857143,0.9371428571428572,0.9428571428571428,0.9028571428571428,0.9485714285714286,0.9485714285714286,0.9485714285714286,
1,3,5,8,14,17,19,23,24,44,103,224,462,465,
0.18285714285714286,0.5142857142857142,0.9314285714285714,0.8857142857142857,0.88,0.8171428571428572,0.9257142857142857,0.8914285714285715,0.8971428571428571,0.92,0.9257142857142857,0.9314285714285714,0.9428571428571428,0.9542857142857143,
1,2,4,6,8,42,276,
0.8114285714285714,0.9085714285714286,0.8171428571428572,0.9257142857142857,0.9142857142857143,0.9257142857142857,0.9314285714285714,
1,2,3,4,11,13,30,57,75,143,350,
0.8171428571428572,0.8285714285714286,0.8628571428571429,0.92,0.9257142857142857,0.8971428571428571,0.9257142857142857,0.9428571428571428,0.9428571428571428,0.9542857142857143,0.9314285714285714,
1,2,3,4,23,26,49,68,105,151,
0.5485714285714286,0.7771428571428571,0.8914285714285715,0.8857142857142857,0.8971428571428571,0.8685714285714285,0.9371428571428572,0.8857142857142857,0.9028571428571428,0.9371428571428572,
1,3,8,11,13,14,15,25,32,40,43,45,51,159,
0.32571428571428573,0.7885714285714286,0.7942857142857143,0.8,0.7828571428571428,0.7142857142857143,0.7771428571428571,0.8514285714285714,0.8628571428571429,0.88,0.9371428571428572,0.9371428571428572,0.9371428571428572,0.9485714285714286,
1,2,3,4,14,31,33,37,39,71,125,323,341,359,764,
0.10857142857142857,0.4,0.8685714285714285,0.76,0.8,0.7714285714285715,0.88,0.9428571428571428,0.9142857142857143,0.9314285714285714,0.9142857142857143,0.9542857142857143,0.9314285714285714,0.9371428571428572,0.9485714285714286,
1,2,5,12,17,23,24,108,
0.7371428571428571,0.9085714285714286,0.8685714285714285,0.8457142857142858,0.9085714285714286,0.9371428571428572,0.9428571428571428,0.9485714285714286,
1,2,3,6,8,78,98,
0.76,0.8114285714285714,0.9085714285714286,0.8914285714285715,0.9371428571428572,0.9142857142857143,0.9257142857142857,
1,2,12,21,22,23,40,102,116,170,206,
0.7542857142857143,0.8057142857142857,0.8685714285714285,0.8228571428571428,0.9142857142857143,0.9428571428571428,0.9142857142857143,0.92,0.8857142857142857,0.9428571428571428,0.9428571428571428,
1,3,4,8,53,60,77,116,166,564,593,639,702,737,755,926,
0.8228571428571428,0.8571428571428571,0.9257142857142857,0.9142857142857143,0.9257142857142857,0.9542857142857143,0.9371428571428572,0.9142857142857143,0.9028571428571428,0.8971428571428571,0.9371428571428572,0.9485714285714286,0.9428571428571428,0.9428571428571428,0.9428571428571428,0.9542857142857143,
1,5,6,7,14,20,21,27,
0.76,0.7885714285714286,0.7542857142857143,0.84,0.8742857142857143,0.8514285714285714,0.9371428571428572,0.9257142857142857,
1,2,3,4,22,86,94,132,192,411,627,926,1007,
0.7314285714285714,0.7257142857142858,0.6857142857142857,0.7942857142857143,0.8228571428571428,0.9028571428571428,0.9142857142857143,0.9485714285714286,0.9542857142857143,0.9542857142857143,0.92,0.9542857142857143,0.9485714285714286,
1,2,4,5,13,15,21,32,35,61,65,114,133,153,215,746,899,
0.6914285714285714,0.7028571428571428,0.6171428571428571,0.72,0.7428571428571429,0.8571428571428571,0.8457142857142858,0.8342857142857143,0.9085714285714286,0.8971428571428571,0.9142857142857143,0.8857142857142857,0.9428571428571428,0.9428571428571428,0.9371428571428572,0.9314285714285714,0.9371428571428572,
1,4,13,26,
0.9428571428571428,0.9371428571428572,0.9485714285714286,0.9314285714285714,
1,2,3,5,12,13,18,33,43,44,48,116,
0.9428571428571428,0.9428571428571428,0.9257142857142857,0.9371428571428572,0.9257142857142857,0.9314285714285714,0.9428571428571428,0.9028571428571428,0.9542857142857143,0.9371428571428572,0.9428571428571428,0.9314285714285714,
1,2,6,14,19,21,31,445,467,528,537,630,792,1799,
0.8,0.8742857142857143,0.7885714285714286,0.7942857142857143,0.92,0.8971428571428571,0.8571428571428571,0.9257142857142857,0.9028571428571428,0.9257142857142857,0.9542857142857143,0.9428571428571428,0.9257142857142857,0.9314285714285714,
1,2,3,4,5,6,16,17,20,26,31,35,42,63,96,348,
0.22857142857142856,0.68,0.6914285714285714,0.25142857142857145,0.7885714285714286,0.7714285714285715,0.8171428571428572,0.8342857142857143,0.8742857142857143,0.8342857142857143,0.8971428571428571,0.8914285714285715,0.9542857142857143,0.9314285714285714,0.9314285714285714,0.9542857142857143,
1,3,5,8,11,17,21,22,26,27,32,67,86,98,111,116,258,447,459,501,1383,1509,1556,1698,1734,2825,
0.29714285714285715,0.8114285714285714,0.7142857142857143,0.8057142857142857,0.7657142857142857,0.7771428571428571,0.7714285714285715,0.8742857142857143,0.9085714285714286,0.9371428571428572,0.8685714285714285,0.9142857142857143,0.9142857142857143,0.9371428571428572,0.9542857142857143,0.9314285714285714,0.96,0.8914285714285715,0.9257142857142857,0.9371428571428572,0.9371428571428572,0.9314285714285714,0.9485714285714286,0.9542857142857143,0.9485714285714286,0.9428571428571428,
1,2,5,18,52,126,170,243,962,996,1241,2748,
0.24,0.8114285714285714,0.7885714285714286,0.9542857142857143,0.9428571428571428,0.9257142857142857,0.92,0.8914285714285715,0.9314285714285714,0.9257142857142857,0.9257142857142857,0.9485714285714286,
1,4,11,16,53,204,219,240,264,309,377,476,1160,
0.7657142857142857,0.8228571428571428,0.92,0.9257142857142857,0.8971428571428571,0.9085714285714286,0.9428571428571428,0.9371428571428572,0.92,0.9371428571428572,0.9428571428571428,0.9428571428571428,0.9257142857142857,
1,3,5,13,22,33,59,78,105,107,161,
0.21142857142857144,0.5371428571428571,0.6971428571428572,0.7428571428571429,0.8571428571428571,0.92,0.9314285714285714,0.92,0.9314285714285714,0.96,0.9485714285714286,
1,3,4,5,11,13,17,53,
0.8685714285714285,0.8171428571428572,0.8514285714285714,0.8,0.8857142857142857,0.9257142857142857,0.9371428571428572,0.9257142857142857,
1,2,3,4,9,17,23,30,31,44,116,546,719,980,
0.12571428571428572,0.8285714285714286,0.9257142857142857,0.9257142857142857,0.9257142857142857,0.8971428571428571,0.9028571428571428,0.9485714285714286,0.9485714285714286,0.9371428571428572,0.9314285714285714,0.9371428571428572,0.9314285714285714,0.92,
1,2,4,23,60,152,183,282,404,501,564,575,
0.8342857142857143,0.8857142857142857,0.9085714285714286,0.8514285714285714,0.9257142857142857,0.9257142857142857,0.9142857142857143,0.9371428571428572,0.9371428571428572,0.9314285714285714,0.9257142857142857,0.9485714285714286,
1,2,3,4,5,15,20,24,48,59,79,88,124,206,276,861,1187,1230,
0.3028571428571429,0.17142857142857143,0.68,0.8,0.8057142857142857,0.8342857142857143,0.8914285714285715,0.92,0.9142857142857143,0.9142857142857143,0.9371428571428572,0.9371428571428572,0.9371428571428572,0.9485714285714286,0.9142857142857143,0.9257142857142857,0.9542857142857143,0.9428571428571428,
1,2,3,5,9,53,57,108,141,368,
0.6914285714285714,0.6857142857142857,0.7085714285714285,0.9085714285714286,0.9371428571428572,0.9371428571428572,0.96,0.9542857142857143,0.9371428571428572,0.9371428571428572,
1,2,3,4,6,16,17,60,177,231,260,348,413,566,584,597,
0.88,0.8514285714285714,0.8457142857142858,0.9085714285714286,0.8971428571428571,0.9314285714285714,0.9314285714285714,0.9028571428571428,0.9314285714285714,0.9371428571428572,0.9371428571428572,0.9428571428571428,0.9542857142857143,0.9314285714285714,0.9371428571428572,0.9428571428571428,
1,5,49,66,78,123,166,256,260,312,359,503,
0.6857142857142857,0.8228571428571428,0.8514285714285714,0.9085714285714286,0.9485714285714286,0.9428571428571428,0.8742857142857143,0.8971428571428571,0.8914285714285715,0.92,0.9428571428571428,0.9257142857142857,
1,3,4,5,6,8,11,12,17,683,687,926,953,1430,
0.8628571428571429,0.6742857142857143,0.7657142857142857,0.7085714285714285,0.8114285714285714,0.8285714285714286,0.8857142857142857,0.8857142857142857,0.9314285714285714,0.9314285714285714,0.9485714285714286,0.9542857142857143,0.9485714285714286,0.9371428571428572,
1,2,5,12,13,14,30,31,34,45,106,130,490,593,647,701,972,1176,1196,
0.7771428571428571,0.7714285714285715,0.8114285714285714,0.8114285714285714,0.9314285714285714,0.9028571428571428,0.9371428571428572,0.9485714285714286,0.9371428571428572,0.9371428571428572,0.9542857142857143,0.9371428571428572,0.9314285714285714,0.9142857142857143,0.9257142857142857,0.9428571428571428,0.9542857142857143,0.9485714285714286,0.9485714285714286,
1,2,14,22,23,42,54,132,368,557,782,
0.6742857142857143,0.7657142857142857,0.6971428571428572,0.8114285714285714,0.8971428571428571,0.9542857142857143,0.9428571428571428,0.9314285714285714,0.9314285714285714,0.9314285714285714,0.9428571428571428,
1,2,4,12,14,15,66,260,737,
0.8514285714285714,0.7314285714285714,0.8685714285714285,0.9428571428571428,0.9371428571428572,0.9371428571428572,0.9428571428571428,0.9542857142857143,0.9542857142857143,
1,2,7,21,26,80,89,
0.8457142857142858,0.7657142857142857,0.8857142857142857,0.9428571428571428,0.9257142857142857,0.9485714285714286,0.9314285714285714,
1,4,5,18,24,34,177,
0.68,0.6914285714285714,0.8971428571428571,0.92,0.9142857142857143,0.8857142857142857,0.9028571428571428,
1,2,8,15,16,21,23,24,25,115,150,
0.8228571428571428,0.8628571428571429,0.9314285714285714,0.8685714285714285,0.8971428571428571,0.9085714285714286,0.92,0.9257142857142857,0.92,0.9428571428571428,0.9485714285714286,
1,3,35,36,168,188,476,
0.7142857142857143,0.92,0.88,0.9485714285714286,0.9142857142857143,0.9257142857142857,0.9371428571428572,
1,2,6,8,9,10,14,21,26,27,53,
0.84,0.8685714285714285,0.7771428571428571,0.8514285714285714,0.8914285714285715,0.9485714285714286,0.92,0.9371428571428572,0.9428571428571428,0.9314285714285714,0.9485714285714286,
1,2,3,8,71,152,161,186,231,
0.7314285714285714,0.9314285714285714,0.88,0.9371428571428572,0.9371428571428572,0.9257142857142857,0.9257142857142857,0.9428571428571428,0.9257142857142857,
1,2,4,10,11,12,17,135,548,566,593,611,
0.7257142857142858,0.7714285714285715,0.7942857142857143,0.9085714285714286,0.9314285714285714,0.9371428571428572,0.9314285714285714,0.9371428571428572,0.9028571428571428,0.9257142857142857,0.9314285714285714,0.9371428571428572,
1,2,3,4,10,12,15,20,23,30,53,485,495,908,
0.7485714285714286,0.8114285714285714,0.8857142857142857,0.9257142857142857,0.9542857142857143,0.8742857142857143,0.8171428571428572,0.9028571428571428,0.88,0.92,0.9257142857142857,0.9371428571428572,0.9257142857142857,0.9371428571428572,
1,2,3,4,6,35,62,413,507,629,981,998,1026,
0.8057142857142857,0.8057142857142857,0.9314285714285714,0.92,0.8971428571428571,0.9142857142857143,0.9028571428571428,0.92,0.9428571428571428,0.9314285714285714,0.9314285714285714,0.9371428571428572,0.9371428571428572,
1,2,16,17,33,45,384,738,
0.8685714285714285,0.8857142857142857,0.88,0.9257142857142857,0.9371428571428572,0.9085714285714286,0.9142857142857143,0.9542857142857143,
1,2,3,5,6,9,40,131,148,197,330,
0.30857142857142855,0.6342857142857142,0.7142857142857143,0.7714285714285715,0.8171428571428572,0.9028571428571428,0.8971428571428571,0.92,0.9371428571428572,0.9314285714285714,0.9428571428571428,
1,2,3,4,6,8,14,16,53,198,305,321,
0.6742857142857143,0.7942857142857143,0.6914285714285714,0.8114285714285714,0.7885714285714286,0.8971428571428571,0.9542857142857143,0.92,0.9428571428571428,0.9428571428571428,0.9257142857142857,0.96,
1,3,13,49,111,179,206,215,
0.9485714285714286,0.9371428571428572,0.8685714285714285,0.8914285714285715,0.9428571428571428,0.9142857142857143,0.9314285714285714,0.9542857142857143,
1,2,6,15,31,75,825,
0.2742857142857143,0.7771428571428571,0.8,0.7885714285714286,0.8971428571428571,0.9314285714285714,0.9314285714285714,
1,2,4,6,18,31,34,40,49,186,393,
0.32571428571428573,0.7771428571428571,0.7828571428571428,0.8114285714285714,0.8685714285714285,0.8457142857142858,0.9371428571428572,0.9257142857142857,0.9028571428571428,0.9485714285714286,0.9257142857142857,
1,2,3,12,34,37,40,44,161,170,404,
0.8457142857142858,0.88,0.9028571428571428,0.8857142857142857,0.8857142857142857,0.9257142857142857,0.9257142857142857,0.9542857142857143,0.9142857142857143,0.92,0.9314285714285714,
1,2,3,4,6,9,34,35,
0.6742857142857143,0.6914285714285714,0.8171428571428572,0.9085714285714286,0.96,0.9428571428571428,0.9542857142857143,0.96,
1,2,3,6,7,12,17,35,61,75,105,111,234,
0.7142857142857143,0.6914285714285714,0.76,0.8057142857142857,0.8285714285714286,0.9257142857142857,0.8971428571428571,0.8342857142857143,0.9028571428571428,0.9428571428571428,0.9428571428571428,0.9428571428571428,0.9485714285714286,
1,2,3,12,13,15,138,480,1257,1740,1754,1943,2024,
0.9542857142857143,0.9314285714285714,0.9028571428571428,0.9371428571428572,0.9428571428571428,0.9371428571428572,0.9428571428571428,0.9428571428571428,0.9485714285714286,0.9371428571428572,0.9314285714285714,0.9542857142857143,0.9371428571428572,
1,5,66,68,69,71,
0.6685714285714286,0.8971428571428571,0.9142857142857143,0.9371428571428572,0.8685714285714285,0.9371428571428572,
1,2,4,5,6,8,10,13,20,21,25,39,42,53,78,314,440,458,854,926,
0.6742857142857143,0.6171428571428571,0.6857142857142857,0.7028571428571428,0.7485714285714286,0.8914285714285715,0.8971428571428571,0.8228571428571428,0.8628571428571429,0.8628571428571429,0.88,0.8971428571428571,0.8514285714285714,0.9485714285714286,0.96,0.9428571428571428,0.9485714285714286,0.92,0.9371428571428572,0.9371428571428572,
1,3,14,15,33,98,133,161,216,225,305,369,792,1178,1422,
0.8057142857142857,0.8971428571428571,0.8228571428571428,0.9542857142857143,0.9485714285714286,0.9257142857142857,0.9485714285714286,0.9257142857142857,0.9542857142857143,0.9371428571428572,0.9542857142857143,0.9485714285714286,0.9371428571428572,0.9428571428571428,0.9485714285714286,
1,2,7,62,80,134,260,
0.7028571428571428,0.9028571428571428,0.9485714285714286,0.9257142857142857,0.9314285714285714,0.9142857142857143,0.9142857142857143,
1,3,4,5,8,13,35,41,42,50,51,268,366,816,834,
0.6742857142857143,0.6857142857142857,0.7371428571428571,0.72,0.88,0.88,0.92,0.9085714285714286,0.9028571428571428,0.8914285714285715,0.9485714285714286,0.9542857142857143,0.9142857142857143,0.92,0.9428571428571428,
1,4,5,7,21,34,50,62,69,71,116,231,
0.68,0.72,0.9028571428571428,0.8571428571428571,0.8571428571428571,0.9142857142857143,0.8742857142857143,0.9142857142857143,0.9142857142857143,0.8628571428571429,0.8914285714285715,0.9428571428571428,
1,2,3,6,30,34,40,42,
0.7371428571428571,0.6742857142857143,0.6971428571428572,0.92,0.9028571428571428,0.8971428571428571,0.9028571428571428,0.9542857142857143,
1,3,6,33,65,71,102,105,114,
0.4342857142857143,0.8971428571428571,0.9314285714285714,0.9371428571428572,0.9428571428571428,0.9085714285714286,0.9485714285714286,0.9428571428571428,0.96,
1,2,3,5,8,16,17,22,31,36,41,44,58,69,98,103,122,126,135,276,332,557,1331,
0.10285714285714286,0.6857142857142857,0.7142857142857143,0.8285714285714286,0.8,0.7942857142857143,0.8171428571428572,0.8628571428571429,0.7942857142857143,0.9028571428571428,0.9142857142857143,0.9142857142857143,0.9085714285714286,0.9085714285714286,0.8857142857142857,0.9428571428571428,0.9257142857142857,0.9428571428571428,0.9257142857142857,0.9428571428571428,0.9485714285714286,0.9428571428571428,0.9428571428571428,
1,5,6,9,12,13,24,51,98,
0.8514285714285714,0.8342857142857143,0.8057142857142857,0.8171428571428572,0.92,0.9314285714285714,0.9142857142857143,0.9257142857142857,0.9257142857142857,
1,5,17,20,49,61,71,350,
0.8457142857142858,0.88,0.8514285714285714,0.9085714285714286,0.8742857142857143,0.9142857142857143,0.9142857142857143,0.9314285714285714,
1,3,7,8,21,30,33,36,78,485,755,
0.8971428571428571,0.8514285714285714,0.84,0.8514285714285714,0.92,0.9314285714285714,0.9428571428571428,0.9542857142857143,0.9542857142857143,0.9371428571428572,0.9428571428571428,
1,4,6,11,14,44,94,98,247,296,521,
0.92,0.9028571428571428,0.9142857142857143,0.9257142857142857,0.8628571428571429,0.9028571428571428,0.8914285714285715,0.92,0.9314285714285714,0.9314285714285714,0.9371428571428572,
1,2,5,13,14,15,22,24,26,32,40,49,159,258,360,375,1599,
0.32571428571428573,0.24,0.7142857142857143,0.7885714285714286,0.8228571428571428,0.8742857142857143,0.8914285714285715,0.8571428571428571,0.8628571428571429,0.9485714285714286,0.92,0.92,0.8857142857142857,0.9542857142857143,0.9314285714285714,0.92,0.9371428571428572,
1,2,3,14,15,17,18,98,161,501,580,609,789,807,
0.6742857142857143,0.6971428571428572,0.7257142857142858,0.7485714285714286,0.76,0.9371428571428572,0.9428571428571428,0.96,0.9257142857142857,0.9428571428571428,0.9257142857142857,0.9485714285714286,0.9371428571428572,0.9314285714285714,
1,4,5,12,14,20,33,327,369,522,564,654,
0.7142857142857143,0.7028571428571428,0.7771428571428571,0.9371428571428572,0.9085714285714286,0.9542857142857143,0.9314285714285714,0.9428571428571428,0.9371428571428572,0.9085714285714286,0.9428571428571428,0.9314285714285714,
1,3,6,15,31,80,96,489,
0.6742857142857143,0.6685714285714286,0.8742857142857143,0.9257142857142857,0.9371428571428572,0.9371428571428572,0.9485714285714286,0.9485714285714286,
1,2,3,8,12,25,31,50,52,60,134,159,180,216,567,1197,
0.68,0.6971428571428572,0.8914285714285715,0.9085714285714286,0.8114285714285714,0.8285714285714286,0.8285714285714286,0.9371428571428572,0.9542857142857143,0.9257142857142857,0.9257142857142857,0.9257142857142857,0.9085714285714286,0.9314285714285714,0.9428571428571428,0.9371428571428572,
1,2,3,4,5,12,14,62,195,395,525,
0.32,0.7485714285714286,0.7828571428571428,0.7885714285714286,0.8342857142857143,0.8914285714285715,0.8857142857142857,0.9542857142857143,0.9314285714285714,0.9485714285714286,0.9371428571428572,
1,2,5,7,9,15,16,143,160,168,341,342,396,413,440,
0.22857142857142856,0.8628571428571429,0.8114285714285714,0.8628571428571429,0.92,0.9028571428571428,0.8685714285714285,0.92,0.9428571428571428,0.9542857142857143,0.9485714285714286,0.92,0.9085714285714286,0.96,0.9542857142857143,
1,2,5,6,12,24,27,50,62,69,251,267,357,521,690,
0.68,0.6857142857142857,0.6914285714285714,0.8571428571428571,0.88,0.8628571428571429,0.88,0.9142857142857143,0.92,0.8857142857142857,0.9314285714285714,0.9371428571428572,0.9542857142857143,0.9371428571428572,0.9542857142857143,
1,2,4,14,15,21,22,111,219,402,708,
0.6742857142857143,0.7428571428571429,0.8514285714285714,0.8914285714285715,0.92,0.9371428571428572,0.8742857142857143,0.9028571428571428,0.92,0.9314285714285714,0.9371428571428572,
1,3,5,7,12,16,22,43,44,57,58,87,117,2267,2294,2357,2834,2978,
0.29714285714285715,0.38285714285714284,0.8,0.8628571428571429,0.8285714285714286,0.9314285714285714,0.8685714285714285,0.9371428571428572,0.9371428571428572,0.9142857142857143,0.9028571428571428,0.9314285714285714,0.9428571428571428,0.96,0.9314285714285714,0.9542857142857143,0.9428571428571428,0.9257142857142857,
1,2,3,4,14,24,26,70,111,121,143,555,683,1404,
0.35428571428571426,0.26285714285714284,0.8514285714285714,0.8742857142857143,0.88,0.8914285714285715,0.8914285714285715,0.8571428571428571,0.9428571428571428,0.9314285714285714,0.96,0.9428571428571428,0.9257142857142857,0.9142857142857143,
1,4,5,10,11,42,48,69,327,
0.7942857142857143,0.84,0.8342857142857143,0.9428571428571428,0.9314285714285714,0.9085714285714286,0.9485714285714286,0.9314285714285714,0.9542857142857143,
1,2,4,15,17,31,41,51,87,123,138,186,260,269,
0.6742857142857143,0.7314285714285714,0.7142857142857143,0.9028571428571428,0.9085714285714286,0.88,0.88,0.8857142857142857,0.8857142857142857,0.9085714285714286,0.9485714285714286,0.9314285714285714,0.9257142857142857,0.9314285714285714,
1,2,5,6,7,13,20,24,27,33,35,70,144,206,251,258,324,
0.6971428571428572,0.6685714285714286,0.9314285714285714,0.6914285714285714,0.8171428571428572,0.7428571428571429,0.84,0.8971428571428571,0.9142857142857143,0.8971428571428571,0.9257142857142857,0.9428571428571428,0.9657142857142857,0.9428571428571428,0.9428571428571428,0.9314285714285714,0.9428571428571428,
1,2,4,6,21,34,133,138,
0.8285714285714286,0.52,0.76,0.8571428571428571,0.9085714285714286,0.92,0.9371428571428572,0.9542857142857143,
1,2,11,15,23,44,62,179,485,510,
0.8571428571428571,0.8857142857142857,0.8571428571428571,0.8685714285714285,0.9428571428571428,0.9428571428571428,0.9257142857142857,0.9428571428571428,0.9314285714285714,0.9428571428571428,
1,2,4,5,8,11,12,22,36,
0.7142857142857143,0.68,0.9028571428571428,0.8742857142857143,0.8571428571428571,0.9257142857142857,0.9257142857142857,0.9428571428571428,0.9428571428571428,
1,2,5,6,13,17,62,152,184,753,755,915,1032,1061,
0.6742857142857143,0.7542857142857143,0.6742857142857143,0.8285714285714286,0.8342857142857143,0.8857142857142857,0.9085714285714286,0.9028571428571428,0.8685714285714285,0.9485714285714286,0.9485714285714286,0.9371428571428572,0.96,0.9542857142857143,
1,2,6,10,12,14,30,39,42,71,278,458,
0.6914285714285714,0.7314285714285714,0.6971428571428572,0.8057142857142857,0.8571428571428571,0.8685714285714285,0.9085714285714286,0.9542857142857143,0.9428571428571428,0.9371428571428572,0.9314285714285714,0.9371428571428572,
1,2,4,23,25,32,33,60,204,249,447,465,726,
0.4857142857142857,0.8914285714285715,0.9085714285714286,0.88,0.9542857142857143,0.8971428571428571,0.92,0.92,0.9028571428571428,0.9028571428571428,0.9142857142857143,0.9085714285714286,0.9485714285714286,
1,3,4,9,25,33,111,120,215,265,269,314,
0.9428571428571428,0.8514285714285714,0.8971428571428571,0.8914285714285715,0.9371428571428572,0.9028571428571428,0.92,0.92,0.9257142857142857,0.9428571428571428,0.9257142857142857,0.92,
1,2,5,7,9,35,41,51,52,84,143,249,258,783,
0.7085714285714285,0.7142857142857143,0.8971428571428571,0.8514285714285714,0.8971428571428571,0.8971428571428571,0.9142857142857143,0.88,0.9371428571428572,0.9485714285714286,0.9257142857142857,0.92,0.9428571428571428,0.9428571428571428,
1,3,24,25,62,69,71,102,215,
0.45714285714285713,0.8628571428571429,0.88,0.8742857142857143,0.9371428571428572,0.9257142857142857,0.9542857142857143,0.92,0.9314285714285714,
1,3,4,5,23,24,25,58,80,87,204,214,223,279,321,423,843,888,
0.76,0.8342857142857143,0.8914285714285715,0.8685714285714285,0.9028571428571428,0.9142857142857143,0.9028571428571428,0.9142857142857143,0.9257142857142857,0.9428571428571428,0.9428571428571428,0.9371428571428572,0.9428571428571428,0.9257142857142857,0.9428571428571428,0.9371428571428572,0.9428571428571428,0.9485714285714286,
1,2,4,10,14,15,30,39,71,116,206,
0.7028571428571428,0.7428571428571429,0.7314285714285714,0.92,0.8742857142857143,0.8685714285714285,0.9028571428571428,0.9257142857142857,0.9257142857142857,0.9371428571428572,0.9371428571428572,
1,2,6,8,11,12,22,26,33,85,89,186,233,267,494,
0.8342857142857143,0.8628571428571429,0.7828571428571428,0.8342857142857143,0.8457142857142858,0.9028571428571428,0.8571428571428571,0.9142857142857143,0.8742857142857143,0.9142857142857143,0.9028571428571428,0.9485714285714286,0.9257142857142857,0.9371428571428572,0.9371428571428572,
1,4,6,10,12,14,15,16,17,35,197,405,
0.2857142857142857,0.32571428571428573,0.3142857142857143,0.18285714285714286,0.9314285714285714,0.8514285714285714,0.9028571428571428,0.9428571428571428,0.9371428571428572,0.9314285714285714,0.9371428571428572,0.9371428571428572,
1,2,7,14,30,63,96,120,134,512,
0.8857142857142857,0.9085714285714286,0.9028571428571428,0.92,0.9542857142857143,0.9428571428571428,0.9028571428571428,0.9542857142857143,0.92,0.9371428571428572,

1000,2000,3000,4000,5000,
0.7942857142857143,0.84,0.8571428571428571,0.8685714285714285,0.8914285714285715,
1000,2000,3000,4000,5000,
0.9028571428571428,0.9028571428571428,0.9028571428571428,0.92,0.92,
1000,2000,3000,4000,5000,
0.72,0.8285714285714286,0.8857142857142857,0.9542857142857143,0.9542857142857143,
1000,2000,3000,4000,5000,
0.9314285714285714,0.9371428571428572,0.9371428571428572,0.9428571428571428,0.9371428571428572,
1000,2000,3000,4000,5000,
0.9371428571428572,0.9485714285714286,0.9485714285714286,0.9485714285714286,0.9485714285714286,
1000,2000,3000,4000,5000,
0.8971428571428571,0.92,0.9371428571428572,0.9428571428571428,0.9428571428571428,
1000,2000,3000,4000,5000,
0.84,0.8742857142857143,0.9085714285714286,0.9028571428571428,0.9085714285714286,
1000,2000,3000,4000,5000,
0.32571428571428573,0.32571428571428573,0.32571428571428573,0.8971428571428571,0.8857142857142857,
1000,2000,3000,4000,5000,
0.32571428571428573,0.32571428571428573,0.32571428571428573,0.32571428571428573,0.9314285714285714,
1000,2000,3000,4000,5000,
0.9314285714285714,0.9428571428571428,0.9485714285714286,0.9428571428571428,0.9428571428571428,
1000,2000,3000,4000,5000,
0.9428571428571428,0.9314285714285714,0.9257142857142857,0.9314285714285714,0.9314285714285714,
1000,2000,3000,4000,5000,
0.3028571428571429,0.3028571428571429,0.8914285714285715,0.9085714285714286,0.92,
1000,2000,3000,4000,5000,
0.8685714285714285,0.9371428571428572,0.9542857142857143,0.9485714285714286,0.9542857142857143,
1000,2000,3000,4000,5000,
0.8742857142857143,0.9028571428571428,0.9142857142857143,0.9257142857142857,0.9314285714285714,
1000,2000,3000,4000,5000,
0.88,0.9085714285714286,0.9142857142857143,0.9257142857142857,0.9314285714285714,
1000,2000,3000,4000,5000,
0.9257142857142857,0.9314285714285714,0.9257142857142857,0.9257142857142857,0.9257142857142857,
1000,2000,3000,4000,5000,
0.8628571428571429,0.8914285714285715,0.9028571428571428,0.9142857142857143,0.92,
1000,2000,3000,4000,5000,
0.32571428571428573,0.3314285714285714,0.9371428571428572,0.9428571428571428,0.9428571428571428,
1000,2000,3000,4000,5000,
0.92,0.9142857142857143,0.9371428571428572,0.9428571428571428,0.9428571428571428,
1000,2000,3000,4000,5000,
0.8285714285714286,0.8857142857142857,0.9142857142857143,0.9142857142857143,0.9142857142857143,
1000,2000,3000,4000,5000,
0.9485714285714286,0.9542857142857143,0.9542857142857143,0.9542857142857143,0.9542857142857143,
1000,2000,3000,4000,5000,
0.7657142857142857,0.8342857142857143,0.8685714285714285,0.9028571428571428,0.9142857142857143,
1000,2000,3000,4000,5000,
0.92,0.92,0.92,0.9257142857142857,0.9314285714285714,
1000,2000,3000,4000,5000,
0.8342857142857143,0.8857142857142857,0.8971428571428571,0.9028571428571428,0.9028571428571428,
1000,2000,3000,4000,5000,
0.9085714285714286,0.9257142857142857,0.9371428571428572,0.9428571428571428,0.9428571428571428,
1000,2000,3000,4000,5000,
0.9485714285714286,0.9428571428571428,0.9371428571428572,0.9428571428571428,0.9428571428571428,
1000,2000,3000,4000,5000,
0.8971428571428571,0.8971428571428571,0.92,0.9314285714285714,0.9314285714285714,
1000,2000,3000,4000,5000,
0.8857142857142857,0.8971428571428571,0.9085714285714286,0.92,0.9314285714285714,
1000,2000,3000,4000,5000,
0.9371428571428572,0.9428571428571428,0.9428571428571428,0.9428571428571428,0.9485714285714286,
1000,2000,3000,4000,5000,
0.92,0.9257142857142857,0.9314285714285714,0.9257142857142857,0.9314285714285714,
1000,2000,3000,4000,5000,
0.8857142857142857,0.9142857142857143,0.9257142857142857,0.9314285714285714,0.9428571428571428,
1000,2000,3000,4000,5000,
0.32571428571428573,0.32571428571428573,0.32571428571428573,0.32571428571428573,0.32571428571428573,
1000,2000,3000,4000,5000,
0.3142857142857143,0.32571428571428573,0.8971428571428571,0.9314285714285714,0.9257142857142857,
1000,2000,3000,4000,5000,
0.9142857142857143,0.92,0.9257142857142857,0.9314285714285714,0.9371428571428572,
1000,2000,3000,4000,5000,
0.9085714285714286,0.9142857142857143,0.9257142857142857,0.9314285714285714,0.9371428571428572,
1000,2000,3000,4000,5000,
0.8171428571428572,0.8742857142857143,0.8914285714285715,0.9028571428571428,0.9257142857142857,
1000,2000,3000,4000,5000,
0.9371428571428572,0.9542857142857143,0.9371428571428572,0.9314285714285714,0.9371428571428572,
1000,2000,3000,4000,5000,
0.92,0.9314285714285714,0.9314285714285714,0.9371428571428572,0.9371428571428572,
1000,2000,3000,4000,5000,
0.8742857142857143,0.9314285714285714,0.9428571428571428,0.9428571428571428,0.9428571428571428,
1000,2000,3000,4000,5000,
0.8914285714285715,0.9485714285714286,0.9485714285714286,0.9485714285714286,0.9485714285714286,
1000,2000,3000,4000,5000,
0.8571428571428571,0.9371428571428572,0.9428571428571428,0.9428571428571428,0.9428571428571428,
1000,2000,3000,4000,5000,
0.9142857142857143,0.92,0.92,0.9257142857142857,0.9371428571428572,
1000,2000,3000,4000,5000,
0.84,0.9085714285714286,0.92,0.9142857142857143,0.92,
1000,2000,3000,4000,5000,
0.9142857142857143,0.9428571428571428,0.9485714285714286,0.96,0.96,
1000,2000,3000,4000,5000,
0.9428571428571428,0.9485714285714286,0.9485714285714286,0.9485714285714286,0.9428571428571428,
1000,2000,3000,4000,5000,
0.9428571428571428,0.9371428571428572,0.9314285714285714,0.9371428571428572,0.9371428571428572,
1000,2000,3000,4000,5000,
0.9257142857142857,0.9257142857142857,0.9314285714285714,0.9314285714285714,0.9314285714285714,
1000,2000,3000,4000,5000,
0.5657142857142857,0.9314285714285714,0.9257142857142857,0.9257142857142857,0.9257142857142857,
1000,2000,3000,4000,5000,
0.8742857142857143,0.88,0.8914285714285715,0.9257142857142857,0.9371428571428572,
1000,2000,3000,4000,5000,
0.84,0.88,0.8914285714285715,0.9085714285714286,0.9314285714285714,
1000,2000,3000,4000,5000,
0.9542857142857143,0.9428571428571428,0.9485714285714286,0.9485714285714286,0.9485714285714286,
1000,2000,3000,4000,5000,
0.8114285714285714,0.9371428571428572,0.9371428571428572,0.9371428571428572,0.9314285714285714,
1000,2000,3000,4000,5000,
0.92,0.92,0.9257142857142857,0.9314285714285714,0.9314285714285714,
1000,2000,3000,4000,5000,
0.9314285714285714,0.9485714285714286,0.9485714285714286,0.9371428571428572,0.9371428571428572,
1000,2000,3000,4000,5000,
0.8514285714285714,0.9142857142857143,0.9371428571428572,0.9371428571428572,0.9371428571428572,
1000,2000,3000,4000,5000,
0.8742857142857143,0.8971428571428571,0.9142857142857143,0.92,0.9314285714285714,
1000,2000,3000,4000,5000,
0.9428571428571428,0.9485714285714286,0.9485714285714286,0.9428571428571428,0.9428571428571428,
1000,2000,3000,4000,5000,
0.9314285714285714,0.9371428571428572,0.9371428571428572,0.9371428571428572,0.9428571428571428,
1000,2000,3000,4000,5000,
0.9542857142857143,0.9485714285714286,0.9542857142857143,0.9542857142857143,0.9542857142857143,
1000,2000,3000,4000,5000,
0.8857142857142857,0.92,0.9314285714285714,0.9314285714285714,0.9371428571428572,
1000,2000,3000,4000,5000,
0.8685714285714285,0.9085714285714286,0.9142857142857143,0.92,0.9257142857142857,
1000,2000,3000,4000,5000,
0.32571428571428573,0.32571428571428573,0.32571428571428573,0.32571428571428573,0.32571428571428573,
1000,2000,3000,4000,5000,
0.8628571428571429,0.8742857142857143,0.8971428571428571,0.9028571428571428,0.9085714285714286,
1000,2000,3000,4000,5000,
0.9142857142857143,0.9371428571428572,0.9371428571428572,0.9371428571428572,0.9371428571428572,
1000,2000,3000,4000,5000,
0.7428571428571429,0.8171428571428572,0.8514285714285714,0.8685714285714285,0.8685714285714285,
1000,2000,3000,4000,5000,
0.9142857142857143,0.9142857142857143,0.9257142857142857,0.9257142857142857,0.9257142857142857,
1000,2000,3000,4000,5000,
0.7142857142857143,0.8,0.84,0.8685714285714285,0.8914285714285715,
1000,2000,3000,4000,5000,
0.8514285714285714,0.9028571428571428,0.9142857142857143,0.9257142857142857,0.9371428571428572,
1000,2000,3000,4000,5000,
0.32571428571428573,0.32571428571428573,0.32571428571428573,0.8571428571428571,0.8971428571428571,
1000,2000,3000,4000,5000,
0.8057142857142857,0.8285714285714286,0.8914285714285715,0.9028571428571428,0.9085714285714286,
1000,2000,3000,4000,5000,
0.9314285714285714,0.9371428571428572,0.9428571428571428,0.9428571428571428,0.9428571428571428,
1000,2000,3000,4000,5000,
0.34285714285714286,0.9028571428571428,0.92,0.9257142857142857,0.9314285714285714,
1000,2000,3000,4000,5000,
0.8114285714285714,0.8342857142857143,0.8571428571428571,0.8685714285714285,0.8742857142857143,
1000,2000,3000,4000,5000,
0.76,0.8971428571428571,0.9257142857142857,0.9257142857142857,0.9257142857142857,
1000,2000,3000,4000,5000,
0.9371428571428572,0.9257142857142857,0.9314285714285714,0.9257142857142857,0.9257142857142857,
1000,2000,3000,4000,5000,
0.92,0.92,0.9257142857142857,0.9371428571428572,0.9371428571428572,
1000,2000,3000,4000,5000,
0.8,0.8685714285714285,0.9085714285714286,0.9028571428571428,0.9085714285714286,
1000,2000,3000,4000,5000,
0.6914285714285714,0.7542857142857143,0.8057142857142857,0.8342857142857143,0.8628571428571429,
1000,2000,3000,4000,5000,
0.9371428571428572,0.9257142857142857,0.9257142857142857,0.9257142857142857,0.9257142857142857,
1000,2000,3000,4000,5000,
0.6742857142857143,0.7428571428571429,0.7942857142857143,0.8228571428571428,0.8514285714285714,
1000,2000,3000,4000,5000,
0.9142857142857143,0.9257142857142857,0.9314285714285714,0.9314285714285714,0.9371428571428572,
1000,2000,3000,4000,5000,
0.7542857142857143,0.84,0.8971428571428571,0.9257142857142857,0.9314285714285714,
1000,2000,3000,4000,5000,
0.9428571428571428,0.9371428571428572,0.9371428571428572,0.9371428571428572,0.9371428571428572,
1000,2000,3000,4000,5000,
0.8971428571428571,0.9142857142857143,0.9142857142857143,0.9257142857142857,0.9314285714285714,
1000,2000,3000,4000,5000,
0.8857142857142857,0.9142857142857143,0.9257142857142857,0.9257142857142857,0.9314285714285714,
1000,2000,3000,4000,5000,
0.8742857142857143,0.8857142857142857,0.9142857142857143,0.92,0.9314285714285714,
1000,2000,3000,4000,5000,
0.2857142857142857,0.9028571428571428,0.9142857142857143,0.9142857142857143,0.9314285714285714,
1000,2000,3000,4000,5000,
0.8971428571428571,0.92,0.9257142857142857,0.9314285714285714,0.9314285714285714,
1000,2000,3000,4000,5000,
0.9028571428571428,0.9085714285714286,0.9314285714285714,0.9371428571428572,0.9428571428571428,
1000,2000,3000,4000,5000,
0.7714285714285715,0.8514285714285714,0.9028571428571428,0.9142857142857143,0.92,
1000,2000,3000,4000,5000,
0.9371428571428572,0.9428571428571428,0.9428571428571428,0.9428571428571428,0.9428571428571428,
1000,2000,3000,4000,5000,
0.8514285714285714,0.9028571428571428,0.9028571428571428,0.9142857142857143,0.9314285714285714,
1000,2000,3000,4000,5000,
0.88,0.9257142857142857,0.9314285714285714,0.9314285714285714,0.9428571428571428,
1000,2000,3000,4000,5000,
0.8685714285714285,0.8914285714285715,0.9142857142857143,0.9257142857142857,0.9257142857142857,
1000,2000,3000,4000,5000,
0.32,0.7657142857142857,0.9257142857142857,0.9257142857142857,0.9257142857142857,
1000,2000,3000,4000,5000,
0.8171428571428572,0.88,0.88,0.88,0.8971428571428571,
1000,2000,3000,4000,5000,
0.7485714285714286,0.8285714285714286,0.8857142857142857,0.9085714285714286,0.92,
1000,2000,3000,4000,5000,
0.9028571428571428,0.9142857142857143,0.92,0.9257142857142857,0.9314285714285714,
1000,2000,3000,4000,5000,
0.8914285714285715,0.9314285714285714,0.9314285714285714,0.9314285714285714,0.9314285714285714,
1000,2000,3000,4000,5000,
0.9428571428571428,0.9485714285714286,0.9485714285714286,0.9542857142857143,0.9542857142857143,

1,5,8,11,13,33,49,67,175,321,327,
0.7657142857142857,0.8457142857142858,0.9314285714285714,0.8571428571428571,0.8857142857142857,0.9028571428571428,0.92,0.9257142857142857,0.8914285714285715,0.9542857142857143,0.9485714285714286,
1,2,4,10,12,16,34,62,882,936,
0.7771428571428571,0.7085714285714285,0.8971428571428571,0.92,0.9428571428571428,0.9257142857142857,0.9371428571428572,0.9314285714285714,0.9142857142857143,0.9428571428571428,
1,2,3,8,22,32,41,44,53,368,384,591,789,
0.8457142857142858,0.8285714285714286,0.7828571428571428,0.9257142857142857,0.84,0.8457142857142858,0.8857142857142857,0.8914285714285715,0.88,0.9142857142857143,0.9314285714285714,0.8971428571428571,0.9314285714285714,
1,6,13,26,57,80,305,312,330,420,
0.8228571428571428,0.9371428571428572,0.8628571428571429,0.92,0.9085714285714286,0.9428571428571428,0.9428571428571428,0.9428571428571428,0.9314285714285714,0.9485714285714286,
1,4,9,16,17,24,39,71,159,225,
0.9428571428571428,0.8685714285714285,0.4742857142857143,0.8971428571428571,0.92,0.92,0.9485714285714286,0.9542857142857143,0.9485714285714286,0.9485714285714286,
1,2,3,5,7,14,24,26,36,45,188,386,600,
0.6742857142857143,0.7714285714285715,0.7428571428571429,0.6971428571428572,0.8057142857142857,0.88,0.9257142857142857,0.9257142857142857,0.9485714285714286,0.9257142857142857,0.9314285714285714,0.96,0.9485714285714286,
1,2,3,5,6,62,238,252,287,329,402,
0.32,0.4228571428571429,0.3657142857142857,0.92,0.92,0.8914285714285715,0.92,0.8971428571428571,0.92,0.92,0.9257142857142857,
1,2,5,6,10,16,18,19,24,123,143,150,179,195,384,
0.7657142857142857,0.6914285714285714,0.6742857142857143,0.8228571428571428,0.8342857142857143,0.7485714285714286,0.8457142857142858,0.8857142857142857,0.9085714285714286,0.92,0.9314285714285714,0.9371428571428572,0.9542857142857143,0.92,0.9257142857142857,
1,5,7,8,11,12,39,61,107,1113,1158,1194,1284,
0.8171428571428572,0.8571428571428571,0.8914285714285715,0.8742857142857143,0.9485714285714286,0.9428571428571428,0.96,0.92,0.9314285714285714,0.9314285714285714,0.9371428571428572,0.9485714285714286,0.9485714285714286,
1,2,6,7,13,24,26,44,53,98,99,258,314,492,720,1070,1385,
0.32571428571428573,0.2857142857142857,0.32571428571428573,0.76,0.96,0.8742857142857143,0.8914285714285715,0.9028571428571428,0.9142857142857143,0.9085714285714286,0.9371428571428572,0.9314285714285714,0.9428571428571428,0.9142857142857143,0.9371428571428572,0.9314285714285714,0.9542857142857143,
1,3,4,6,13,42,68,107,114,537,647,924,1007,1149,
0.26857142857142857,0.6971428571428572,0.56,0.88,0.92,0.8742857142857143,0.9485714285714286,0.92,0.9542857142857143,0.92,0.9257142857142857,0.9314285714285714,0.9542857142857143,0.9542857142857143,
1,2,4,6,34,61,798,807,1023,1052,
0.7428571428571429,0.8914285714285715,0.8914285714285715,0.88,0.9371428571428572,0.8971428571428571,0.92,0.9485714285714286,0.9314285714285714,0.9428571428571428,
1,2,3,4,6,8,339,368,467,471,953,1233,
0.12,0.5714285714285714,0.4514285714285714,0.84,0.8857142857142857,0.9028571428571428,0.9428571428571428,0.92,0.9085714285714286,0.9428571428571428,0.9542857142857143,0.9371428571428572,
1,3,7,13,14,19,30,44,53,71,75,135,170,
0.8228571428571428,0.8114285714285714,0.8685714285714285,0.8971428571428571,0.8971428571428571,0.9371428571428572,0.9028571428571428,0.9542857142857143,0.9142857142857143,0.9485714285714286,0.9485714285714286,0.9485714285714286,0.9485714285714286,
1,3,6,8,42,51,72,114,332,
0.72,0.7942857142857143,0.84,0.8857142857142857,0.9314285714285714,0.9142857142857143,0.9485714285714286,0.9428571428571428,0.9485714285714286,
1,2,13,25,52,71,143,151,267,287,467,485,710,818,863,
0.8857142857142857,0.92,0.9028571428571428,0.9257142857142857,0.9485714285714286,0.9371428571428572,0.9257142857142857,0.9371428571428572,0.9542857142857143,0.9428571428571428,0.9428571428571428,0.9485714285714286,0.9257142857142857,0.9314285714285714,0.9542857142857143,
1,2,3,4,8,15,17,107,170,
0.28,0.3028571428571429,0.7828571428571428,0.7657142857142857,0.8514285714285714,0.8685714285714285,0.92,0.9428571428571428,0.9485714285714286,
1,2,3,4,5,9,11,13,14,15,29,58,69,188,195,285,
0.6742857142857143,0.44,0.6742857142857143,0.7314285714285714,0.7657142857142857,0.8571428571428571,0.8971428571428571,0.88,0.8285714285714286,0.8228571428571428,0.9371428571428572,0.9371428571428572,0.92,0.92,0.9257142857142857,0.9428571428571428,
1,4,6,11,21,48,107,369,513,647,
0.8171428571428572,0.8514285714285714,0.88,0.9028571428571428,0.9142857142857143,0.9485714285714286,0.9657142857142857,0.9371428571428572,0.9371428571428572,0.9428571428571428,
1,3,4,7,9,23,30,78,96,141,321,342,530,1124,1646,2562,
0.37142857142857144,0.6342857142857142,0.7771428571428571,0.8857142857142857,0.88,0.88,0.8685714285714285,0.9085714285714286,0.9542857142857143,0.9257142857142857,0.9485714285714286,0.9542857142857143,0.9485714285714286,0.9371428571428572,0.9085714285714286,0.9428571428571428,
1,3,4,16,17,22,224,341,
0.8857142857142857,0.9257142857142857,0.9028571428571428,0.9085714285714286,0.9028571428571428,0.9257142857142857,0.9314285714285714,0.9542857142857143,
1,2,3,4,15,22,23,39,42,60,96,224,229,440,530,782,845,
0.7428571428571429,0.7828571428571428,0.76,0.8457142857142858,0.8857142857142857,0.8571428571428571,0.9371428571428572,0.9485714285714286,0.8857142857142857,0.8971428571428571,0.92,0.9257142857142857,0.9085714285714286,0.9028571428571428,0.9371428571428572,0.9428571428571428,0.9485714285714286,
1,3,4,12,51,150,201,287,323,405,
0.68,0.9085714285714286,0.9028571428571428,0.84,0.9314285714285714,0.9085714285714286,0.9371428571428572,0.9085714285714286,0.92,0.9314285714285714,
1,2,4,12,13,15,30,39,94,98,114,122,336,393,1212,1628,2042,2868,
0.4514285714285714,0.7085714285714285,0.8057142857142857,0.8514285714285714,0.8914285714285715,0.9028571428571428,0.92,0.9257142857142857,0.9371428571428572,0.8971428571428571,0.92,0.8971428571428571,0.9371428571428572,0.96,0.9314285714285714,0.92,0.9428571428571428,0.92,
1,2,4,5,12,18,19,22,30,50,79,90,113,132,143,228,231,312,
0.7714285714285715,0.84,0.8857142857142857,0.8857142857142857,0.8571428571428571,0.8857142857142857,0.9142857142857143,0.9314285714285714,0.9314285714285714,0.8971428571428571,0.92,0.9314285714285714,0.9314285714285714,0.9428571428571428,0.9257142857142857,0.9485714285714286,0.9542857142857143,0.9257142857142857,
1,2,4,6,7,8,18,22,39,51,
0.7028571428571428,0.8285714285714286,0.8571428571428571,0.8285714285714286,0.9085714285714286,0.8742857142857143,0.9542857142857143,0.9085714285714286,0.9428571428571428,0.9371428571428572,
1,2,3,5,7,60,84,111,537,753,2735,2852,
0.6971428571428572,0.8514285714285714,0.8857142857142857,0.8685714285714285,0.9314285714285714,0.9371428571428572,0.9428571428571428,0.9428571428571428,0.9542857142857143,0.9371428571428572,0.9485714285714286,0.9371428571428572,
1,2,3,6,8,12,17,1194,1698,
0.7028571428571428,0.7142857142857143,0.7485714285714286,0.7714285714285715,0.7885714285714286,0.9314285714285714,0.9314285714285714,0.9085714285714286,0.9028571428571428,
1,2,3,7,13,24,42,152,179,
0.68,0.8171428571428572,0.8457142857142858,0.8628571428571429,0.8457142857142858,0.8571428571428571,0.9371428571428572,0.9371428571428572,0.9428571428571428,
1,2,3,4,89,
0.8057142857142857,0.8457142857142858,0.8971428571428571,0.8914285714285715,0.9257142857142857,
1,2,3,5,7,15,18,33,69,87,105,141,
0.7485714285714286,0.6742857142857143,0.88,0.9257142857142857,0.92,0.8742857142857143,0.8571428571428571,0.9085714285714286,0.92,0.9028571428571428,0.9085714285714286,0.9257142857142857,
1,2,3,24,26,98,125,
0.9485714285714286,0.88,0.8685714285714285,0.9428571428571428,0.9257142857142857,0.9542857142857143,0.9542857142857143,
1,2,3,7,16,30,43,44,105,130,285,405,447,467,
0.5085714285714286,0.7885714285714286,0.8228571428571428,0.8685714285714285,0.8857142857142857,0.92,0.9257142857142857,0.9542857142857143,0.9085714285714286,0.9485714285714286,0.9314285714285714,0.9257142857142857,0.9257142857142857,0.9371428571428572,
1,2,3,5,12,13,24,26,32,213,333,897,1043,1187,1800,
0.26857142857142857,0.7657142857142857,0.8857142857142857,0.76,0.6914285714285714,0.7314285714285714,0.8857142857142857,0.88,0.8914285714285715,0.9142857142857143,0.9371428571428572,0.92,0.9485714285714286,0.9428571428571428,0.9542857142857143,
1,2,3,33,51,125,141,323,395,
0.6914285714285714,0.7028571428571428,0.8342857142857143,0.8628571428571429,0.9028571428571428,0.9485714285714286,0.9371428571428572,0.9371428571428572,0.9314285714285714,
1,2,4,7,23,76,78,103,135,557,
0.7771428571428571,0.9142857142857143,0.8057142857142857,0.88,0.9257142857142857,0.9371428571428572,0.9314285714285714,0.9371428571428572,0.9428571428571428,0.9371428571428572,
1,2,3,4,8,50,87,98,132,
0.8342857142857143,0.8057142857142857,0.8514285714285714,0.9028571428571428,0.8628571428571429,0.9028571428571428,0.9428571428571428,0.9142857142857143,0.9371428571428572,
1,4,8,11,12,22,60,105,132,159,332,
0.6742857142857143,0.7942857142857143,0.7657142857142857,0.8914285714285715,0.8342857142857143,0.88,0.92,0.9085714285714286,0.9371428571428572,0.9085714285714286,0.9371428571428572,
1,2,3,9,10,12,20,35,69,143,165,195,324,350,
0.49714285714285716,0.9142857142857143,0.7028571428571428,0.7028571428571428,0.8228571428571428,0.8857142857142857,0.92,0.9085714285714286,0.9371428571428572,0.9428571428571428,0.9257142857142857,0.9542857142857143,0.9485714285714286,0.9485714285714286,
1,2,3,5,16,44,160,161,167,176,180,234,
0.8114285714285714,0.8342857142857143,0.8685714285714285,0.8628571428571429,0.9257142857142857,0.9485714285714286,0.9257142857142857,0.9371428571428572,0.92,0.9428571428571428,0.9485714285714286,0.9428571428571428,
1,2,3,9,36,41,47,53,59,80,96,222,233,297,368,
0.88,0.8514285714285714,0.9142857142857143,0.8857142857142857,0.8571428571428571,0.9314285714285714,0.9314285714285714,0.92,0.9314285714285714,0.9428571428571428,0.9085714285714286,0.9314285714285714,0.9485714285714286,0.9371428571428572,0.9485714285714286,
1,2,3,4,5,15,32,78,323,357,384,756,
0.30857142857142855,0.6742857142857143,0.6914285714285714,0.6914285714285714,0.7142857142857143,0.92,0.9085714285714286,0.9314285714285714,0.9428571428571428,0.9371428571428572,0.9371428571428572,0.9542857142857143,
1,2,3,4,19,23,26,34,51,449,510,519,521,
0.2742857142857143,0.32571428571428573,0.7085714285714285,0.8742857142857143,0.8628571428571429,0.8742857142857143,0.9428571428571428,0.9257142857142857,0.9542857142857143,0.9314285714285714,0.9542857142857143,0.9485714285714286,0.9485714285714286,
1,3,4,5,15,18,20,27,80,102,107,143,206,449,647,
0.3028571428571429,0.49714285714285716,0.8114285714285714,0.7085714285714285,0.8628571428571429,0.8685714285714285,0.8971428571428571,0.9085714285714286,0.88,0.9542857142857143,0.92,0.9314285714285714,0.9542857142857143,0.9371428571428572,0.9428571428571428,
1,2,4,6,13,20,32,48,62,76,192,258,287,350,
0.7885714285714286,0.7085714285714285,0.8742857142857143,0.8971428571428571,0.9085714285714286,0.9314285714285714,0.92,0.8971428571428571,0.9485714285714286,0.9085714285714286,0.9485714285714286,0.9314285714285714,0.9428571428571428,0.9485714285714286,
1,2,3,23,24,26,36,60,75,81,162,384,
0.5885714285714285,0.8171428571428572,0.9257142857142857,0.92,0.9257142857142857,0.9085714285714286,0.9371428571428572,0.9371428571428572,0.96,0.9428571428571428,0.9371428571428572,0.9314285714285714,
1,2,3,5,8,14,41,59,69,114,440,476,701,1106,
0.6742857142857143,0.88,0.8685714285714285,0.8285714285714286,0.9085714285714286,0.8628571428571429,0.9085714285714286,0.9371428571428572,0.9257142857142857,0.9428571428571428,0.9371428571428572,0.9257142857142857,0.9257142857142857,0.9314285714285714,
1,2,3,4,6,15,42,132,258,260,
0.7428571428571429,0.8057142857142857,0.9314285714285714,0.9314285714285714,0.9142857142857143,0.9314285714285714,0.9142857142857143,0.9371428571428572,0.9485714285714286,0.9485714285714286,
1,3,9,24,465,737,1041,1088,1295,1413,
0.7485714285714286,0.9428571428571428,0.9028571428571428,0.9485714285714286,0.9428571428571428,0.9314285714285714,0.9371428571428572,0.9371428571428572,0.9257142857142857,0.9428571428571428,
1,2,3,6,16,17,48,50,51,294,345,422,557,690,717,1979,
0.8342857142857143,0.8628571428571429,0.9085714285714286,0.9028571428571428,0.9028571428571428,0.9142857142857143,0.9314285714285714,0.9485714285714286,0.9485714285714286,0.8971428571428571,0.9485714285714286,0.9485714285714286,0.9428571428571428,0.9542857142857143,0.9485714285714286,0.9428571428571428,
1,4,6,13,26,39,53,57,114,339,357,440,
0.8742857142857143,0.8457142857142858,0.8457142857142858,0.8628571428571429,0.8971428571428571,0.9257142857142857,0.9485714285714286,0.9314285714285714,0.9485714285714286,0.9314285714285714,0.92,0.9371428571428572,
1,4,5,6,21,23,32,39,51,222,1737,2033,
0.8514285714285714,0.8571428571428571,0.8057142857142857,0.8571428571428571,0.9257142857142857,0.8857142857142857,0.88,0.92,0.92,0.9371428571428572,0.9428571428571428,0.9485714285714286,
1,2,4,5,17,96,474,665,1340,1826,1835,2042,2148,2159,
0.7314285714285714,0.7657142857142857,0.84,0.88,0.8742857142857143,0.9371428571428572,0.9428571428571428,0.9428571428571428,0.9371428571428572,0.9371428571428572,0.9257142857142857,0.9485714285714286,0.9542857142857143,0.9542857142857143,
1,2,8,23,26,27,28,29,32,53,63,87,98,150,323,393,395,
0.5371428571428571,0.8171428571428572,0.84,0.8057142857142857,0.5714285714285714,0.8571428571428571,0.9371428571428572,0.9428571428571428,0.9085714285714286,0.9371428571428572,0.9542857142857143,0.9085714285714286,0.9257142857142857,0.9485714285714286,0.9428571428571428,0.9371428571428572,0.9314285714285714,
1,2,3,5,16,17,57,60,87,116,260,402,
0.28,0.3028571428571429,0.8571428571428571,0.8857142857142857,0.8457142857142858,0.92,0.8857142857142857,0.9371428571428572,0.9371428571428572,0.9314285714285714,0.9485714285714286,0.9371428571428572,
1,2,4,5,6,8,32,36,45,51,287,
0.28,0.2857142857142857,0.52,0.9371428571428572,0.8171428571428572,0.9371428571428572,0.9428571428571428,0.9314285714285714,0.9428571428571428,0.9428571428571428,0.9428571428571428,
1,4,6,98,170,314,368,
0.9142857142857143,0.9428571428571428,0.9371428571428572,0.9371428571428572,0.92,0.92,0.9428571428571428,
1,2,6,15,20,22,43,44,60,170,499,618,809,1151,1221,
0.7257142857142858,0.7371428571428571,0.8571428571428571,0.7885714285714286,0.92,0.9371428571428572,0.9371428571428572,0.9428571428571428,0.9314285714285714,0.9371428571428572,0.9428571428571428,0.9485714285714286,0.9542857142857143,0.9428571428571428,0.9485714285714286,
1,2,3,6,8,35,141,798,899,953,1212,1590,1835,
0.68,0.8342857142857143,0.9314285714285714,0.9428571428571428,0.9085714285714286,0.9428571428571428,0.9428571428571428,0.9257142857142857,0.9142857142857143,0.9314285714285714,0.9428571428571428,0.9542857142857143,0.9428571428571428,
1,5,7,8,10,12,14,15,20,21,32,33,168,195,539,627,
0.7085714285714285,0.72,0.68,0.8171428571428572,0.7714285714285715,0.7314285714285714,0.7314285714285714,0.8857142857142857,0.9257142857142857,0.9485714285714286,0.9314285714285714,0.9428571428571428,0.9371428571428572,0.9314285714285714,0.9485714285714286,0.9428571428571428,
1,6,50,87,114,141,174,
0.7885714285714286,0.9314285714285714,0.9371428571428572,0.9314285714285714,0.9485714285714286,0.9428571428571428,0.9542857142857143,
1,2,6,8,225,252,585,
0.7714285714285715,0.8914285714285715,0.9142857142857143,0.9542857142857143,0.9314285714285714,0.9371428571428572,0.9314285714285714,
1,3,18,36,42,44,62,122,134,204,269,
0.32571428571428573,0.8685714285714285,0.8228571428571428,0.8971428571428571,0.9142857142857143,0.8857142857142857,0.9542857142857143,0.9371428571428572,0.9142857142857143,0.9428571428571428,0.96,
1,2,53,60,122,138,142,189,
0.9028571428571428,0.88,0.8971428571428571,0.9142857142857143,0.9257142857142857,0.9314285714285714,0.9257142857142857,0.9428571428571428,
1,3,5,7,8,33,42,60,98,242,323,402,426,429,
0.7657142857142857,0.7771428571428571,0.8628571428571429,0.9085714285714286,0.8914285714285715,0.92,0.9314285714285714,0.9257142857142857,0.9314285714285714,0.9257142857142857,0.9314285714285714,0.9371428571428572,0.9428571428571428,0.9485714285714286,
1,2,3,4,6,16,17,33,60,102,120,170,438,
0.7142857142857143,0.7542857142857143,0.8571428571428571,0.8114285714285714,0.8,0.9257142857142857,0.8571428571428571,0.9142857142857143,0.9314285714285714,0.9542857142857143,0.9485714285714286,0.9542857142857143,0.9485714285714286,
1,2,4,5,6,9,25,33,183,186,224,267,350,476,
0.6628571428571428,0.6114285714285714,0.92,0.6,0.7314285714285714,0.8571428571428571,0.8857142857142857,0.9485714285714286,0.9371428571428572,0.9314285714285714,0.9085714285714286,0.9314285714285714,0.9314285714285714,0.9314285714285714,
1,2,12,14,15,26,40,49,69,87,89,1025,1088,
0.8571428571428571,0.8742857142857143,0.8742857142857143,0.8628571428571429,0.8685714285714285,0.9314285714285714,0.8171428571428572,0.8685714285714285,0.9028571428571428,0.9257142857142857,0.9371428571428572,0.9428571428571428,0.9314285714285714,
1,3,5,13,14,16,17,19,23,63,69,108,150,171,330,756,
0.7428571428571429,0.6742857142857143,0.7085714285714285,0.7485714285714286,0.7428571428571429,0.88,0.8628571428571429,0.9085714285714286,0.9085714285714286,0.9371428571428572,0.92,0.9428571428571428,0.9257142857142857,0.9371428571428572,0.9085714285714286,0.9485714285714286,
1,2,3,5,6,23,41,53,168,195,573,672,816,1448,1476,
0.68,0.8171428571428572,0.7771428571428571,0.7142857142857143,0.7028571428571428,0.6914285714285714,0.9485714285714286,0.88,0.92,0.9485714285714286,0.9314285714285714,0.9257142857142857,0.9428571428571428,0.9314285714285714,0.9428571428571428,
1,2,4,5,9,15,20,22,25,32,48,52,58,59,60,114,150,206,
0.7485714285714286,0.72,0.8685714285714285,0.8914285714285715,0.8685714285714285,0.8,0.7771428571428571,0.8114285714285714,0.9371428571428572,0.8742857142857143,0.9085714285714286,0.9371428571428572,0.9428571428571428,0.9428571428571428,0.92,0.92,0.96,0.9257142857142857,
1,2,3,29,31,35,44,68,123,187,237,242,386,
0.30857142857142855,0.3142857142857143,0.8971428571428571,0.8742857142857143,0.9314285714285714,0.92,0.9257142857142857,0.9142857142857143,0.9142857142857143,0.9314285714285714,0.9428571428571428,0.9428571428571428,0.9371428571428572,
1,3,4,5,12,16,139,192,193,330,699,746,809,
0.8,0.8742857142857143,0.9142857142857143,0.9257142857142857,0.9085714285714286,0.92,0.92,0.9428571428571428,0.9371428571428572,0.9314285714285714,0.9371428571428572,0.96,0.9485714285714286,
1,2,4,5,14,33,40,41,42,48,50,114,125,1223,1365,1367,
0.6742857142857143,0.6971428571428572,0.7485714285714286,0.7428571428571429,0.84,0.8,0.7942857142857143,0.8514285714285714,0.8342857142857143,0.8742857142857143,0.9028571428571428,0.9028571428571428,0.9542857142857143,0.9371428571428572,0.9314285714285714,0.9371428571428572,
1,3,5,10,12,78,195,273,762,854,
0.9085714285714286,0.8971428571428571,0.8628571428571429,0.9142857142857143,0.9371428571428572,0.9314285714285714,0.9314285714285714,0.9485714285714286,0.9542857142857143,0.9371428571428572,
1,2,4,5,8,9,15,21,23,48,58,96,102,150,168,796,1016,1025,
0.9085714285714286,0.8171428571428572,0.34285714285714286,0.8,0.8914285714285715,0.8628571428571429,0.8057142857142857,0.8114285714285714,0.8457142857142858,0.8571428571428571,0.9028571428571428,0.9028571428571428,0.9142857142857143,0.9428571428571428,0.9485714285714286,0.9314285714285714,0.9485714285714286,0.9257142857142857,
1,2,10,11,14,15,21,23,93,611,
0.76,0.29714285714285715,0.35428571428571426,0.9028571428571428,0.88,0.8514285714285714,0.8514285714285714,0.9142857142857143,0.9485714285714286,0.9428571428571428,
1,3,6,7,8,15,135,143,144,152,177,710,737,
0.7428571428571429,0.8857142857142857,0.8914285714285715,0.9314285714285714,0.9428571428571428,0.9142857142857143,0.96,0.9314285714285714,0.9428571428571428,0.96,0.9485714285714286,0.9428571428571428,0.9485714285714286,
1,4,5,8,18,53,56,59,157,179,246,292,422,639,1295,
0.8342857142857143,0.8914285714285715,0.9257142857142857,0.88,0.9028571428571428,0.8914285714285715,0.9371428571428572,0.9085714285714286,0.9428571428571428,0.9371428571428572,0.9371428571428572,0.9371428571428572,0.9428571428571428,0.92,0.9485714285714286,
1,2,3,6,18,26,148,467,485,494,629,647,924,
0.7485714285714286,0.7885714285714286,0.8457142857142858,0.88,0.9314285714285714,0.9142857142857143,0.8857142857142857,0.9371428571428572,0.9485714285714286,0.9257142857142857,0.9371428571428572,0.9485714285714286,0.9485714285714286,
1,2,3,6,14,30,33,42,93,186,238,251,312,321,
0.6857142857142857,0.8,0.7085714285714285,0.8628571428571429,0.8685714285714285,0.8971428571428571,0.9028571428571428,0.9485714285714286,0.9085714285714286,0.9371428571428572,0.9142857142857143,0.92,0.9485714285714286,0.9428571428571428,
1,2,3,4,5,15,23,31,40,49,
0.7028571428571428,0.8571428571428571,0.7942857142857143,0.7657142857142857,0.7942857142857143,0.8628571428571429,0.8857142857142857,0.8628571428571429,0.9142857142857143,0.9085714285714286,
1,2,3,7,14,15,25,26,27,33,107,422,
0.68,0.7142857142857143,0.68,0.8457142857142858,0.6742857142857143,0.7942857142857143,0.84,0.9142857142857143,0.9428571428571428,0.9257142857142857,0.9428571428571428,0.9371428571428572,
1,4,6,8,10,11,12,16,17,24,49,51,
0.7028571428571428,0.5771428571428572,0.8628571428571429,0.8571428571428571,0.8457142857142858,0.9257142857142857,0.9028571428571428,0.7942857142857143,0.8514285714285714,0.8457142857142858,0.92,0.9542857142857143,
1,3,7,8,12,15,18,26,30,51,60,332,465,846,882,
0.6857142857142857,0.84,0.8114285714285714,0.9314285714285714,0.9371428571428572,0.9485714285714286,0.9428571428571428,0.9428571428571428,0.9314285714285714,0.9428571428571428,0.9257142857142857,0.92,0.9314285714285714,0.9542857142857143,0.9371428571428572,
1,2,5,7,14,24,33,87,243,350,375,386,456,494,
0.22857142857142856,0.7257142857142858,0.8228571428571428,0.84,0.8742857142857143,0.9028571428571428,0.8971428571428571,0.8971428571428571,0.9257142857142857,0.9257142857142857,0.8971428571428571,0.9028571428571428,0.9371428571428572,0.9485714285714286,
1,2,3,6,13,21,51,178,207,312,342,773,
0.3314285714285714,0.46285714285714286,0.8628571428571429,0.92,0.9314285714285714,0.9257142857142857,0.9142857142857143,0.9314285714285714,0.9428571428571428,0.9485714285714286,0.9542857142857143,0.9485714285714286,
1,5,9,13,14,33,78,99,124,143,378,
0.5257142857142857,0.7028571428571428,0.8914285714285715,0.8857142857142857,0.8457142857142858,0.9085714285714286,0.8742857142857143,0.88,0.9428571428571428,0.9142857142857143,0.9428571428571428,
1,2,3,4,19,21,76,78,86,95,102,107,116,123,215,251,
0.25142857142857145,0.7142857142857143,0.7257142857142858,0.7828571428571428,0.8571428571428571,0.8971428571428571,0.9485714285714286,0.9371428571428572,0.9314285714285714,0.9314285714285714,0.9485714285714286,0.9142857142857143,0.9428571428571428,0.9314285714285714,0.92,0.9542857142857143,
1,5,7,11,13,15,18,98,360,366,377,
0.7428571428571429,0.8857142857142857,0.8742857142857143,0.9485714285714286,0.8971428571428571,0.92,0.9657142857142857,0.9428571428571428,0.9314285714285714,0.9314285714285714,0.9371428571428572,
1,2,7,143,177,215,1543,1556,2481,
0.34285714285714286,0.7485714285714286,0.8514285714285714,0.9257142857142857,0.8914285714285715,0.9142857142857143,0.9428571428571428,0.9428571428571428,0.9428571428571428,
1,3,20,25,36,42,43,60,798,960,1692,
0.30857142857142855,0.8628571428571429,0.9428571428571428,0.8914285714285715,0.9085714285714286,0.9085714285714286,0.9314285714285714,0.9485714285714286,0.9542857142857143,0.9314285714285714,0.9142857142857143,
1,2,3,4,13,22,26,78,188,
0.7885714285714286,0.8057142857142857,0.76,0.9428571428571428,0.9485714285714286,0.92,0.9314285714285714,0.9257142857142857,0.92,
1,6,19,24,48,177,242,
0.8171428571428572,0.8228571428571428,0.8571428571428571,0.8857142857142857,0.9542857142857143,0.9485714285714286,0.9428571428571428,
1,2,17,33,45,106,404,417,
0.7028571428571428,0.8685714285714285,0.8971428571428571,0.9485714285714286,0.9314285714285714,0.9257142857142857,0.9314285714285714,0.9257142857142857,
1,2,3,6,14,27,30,40,54,135,174,323,
0.7714285714285715,0.6971428571428572,0.8228571428571428,0.7714285714285715,0.8685714285714285,0.9257142857142857,0.9428571428571428,0.9085714285714286,0.9028571428571428,0.9314285714285714,0.9428571428571428,0.9542857142857143,
1,2,3,4,10,14,26,61,93,129,313,602,
0.8228571428571428,0.9085714285714286,0.7142857142857143,0.2857142857142857,0.8057142857142857,0.8571428571428571,0.8914285714285715,0.9142857142857143,0.9314285714285714,0.9142857142857143,0.9257142857142857,0.9485714285714286,
1,3,6,8,11,13,26,29,31,33,51,117,198,332,423,495,
0.7714285714285715,0.8171428571428572,0.7485714285714286,0.8571428571428571,0.8914285714285715,0.7142857142857143,0.8857142857142857,0.92,0.9485714285714286,0.9428571428571428,0.9428571428571428,0.9485714285714286,0.96,0.9257142857142857,0.9428571428571428,0.9542857142857143,
1,2,3,4,6,24,33,78,116,255,267,276,330,791,881,1581,1590,1863,2060,2123,2700,
0.6857142857142857,0.72,0.7257142857142858,0.7142857142857143,0.7657142857142857,0.8971428571428571,0.9257142857142857,0.9371428571428572,0.92,0.9485714285714286,0.9485714285714286,0.8914285714285715,0.92,0.9314285714285714,0.9371428571428572,0.9485714285714286,0.9257142857142857,0.9428571428571428,0.9428571428571428,0.9371428571428572,0.9371428571428572,
1,2,4,8,12,13,15,21,26,31,49,103,143,357,738,774,1338,
0.8685714285714285,0.9085714285714286,0.8628571428571429,0.8685714285714285,0.8457142857142858,0.8571428571428571,0.84,0.92,0.92,0.9085714285714286,0.9142857142857143,0.9257142857142857,0.9371428571428572,0.9371428571428572,0.9542857142857143,0.9485714285714286,0.96,

